<?xml version="1.0" encoding="UTF-8"?>
<!-- Template for the Advanced Dashboard -->
<templates id="template" xml:space="preserve">
  <t t-name="job.report">
    <div style="display: flex; justify-content: center; align-items: center; height: 100vh; margin: 0;">
      <!-- Box-shaped Tile -->
      <div style="width: 600px; height: auto; background-color: #f4f4f4; border-radius: 8px; box-shadow: 0 4px 8px rgba(0, 0, 0, 0.1); padding: 20px; display: flex; flex-direction: column; justify-content: space-between;">
        <div style="font-size: 18px; font-weight: bold; margin-bottom: 10px;">
          <h3>Financial Overview</h3>
        </div>

        <!-- Table Inside the Tile -->
        <div style="overflow-x: auto;">
          <table style="width: 100%; border-collapse: collapse;">
            <thead>
              <tr style="background-color: #ddd;">
                <th style="padding: 10px; text-align: left; border: 1px solid #ccc;">Analytic Account</th>
                <th style="padding: 10px; text-align: left; border: 1px solid #ccc;">Sales</th>
                <th style="padding: 10px; text-align: left; border: 1px solid #ccc;">Materials</th>
                <th style="padding: 10px; text-align: left; border: 1px solid #ccc;">Purchase</th>
                <th style="padding: 10px; text-align: left; border: 1px solid #ccc;">Labour</th>
                <th style="padding: 10px; text-align: left; border: 1px solid #ccc;">Gross Profit</th>
                <th style="padding: 10px; text-align: left; border: 1px solid #ccc;">Revenue Recognition</th>
              </tr>
            </thead>
            <tbody>
              <!-- Sample Row -->
              <tr>
                <td style="padding: 10px; border: 1px solid #ccc;">Account 1</td>
                <td style="padding: 10px; border: 1px solid #ccc;">$10,000</td>
                <td style="padding: 10px; border: 1px solid #ccc;">$5,000</td>
                <td style="padding: 10px; border: 1px solid #ccc;">$3,000</td>
                <td style="padding: 10px; border: 1px solid #ccc;">$2,000</td>
                <td style="padding: 10px; border: 1px solid #ccc;">$1,000</td>
                <td style="padding: 10px; border: 1px solid #ccc;">$4,000</td>
              </tr>
              <!-- Additional rows can be added here -->
            </tbody>
          </table>
        </div>
      </div>
    </div>
  </t>
</templates>
