<?xml version="1.0" encoding="utf-8"?>

<templates id="photo_comment" xml:space="preserve">
    <t t-name="owl_task.photo_comment">
        <h1 class="text-center photo-comment-title">
            Photo Comment
        </h1>
        <div class="container d-flex justify-content-center align-items-center" style="height: 100vh; overflow-y: auto;">
            <div class="row bg-white shadow rounded p-4" style="max-height: 80vh; overflow-y: auto; width: 100%; max-width: 500px;">
                <!-- Column for Image -->
                <div class="col-12 text-center mb-3">
                    <img class="photo-comment-img"
                         t-attf-src="https://img.freepik.com/premium-photo/beautiful-butterfly-images-brighten-your-day_1199394-94530.jpg"
                         style="max-width: 100%; height: auto;"/>
                </div>

                <!-- Column for Textarea (Comment Section) -->
                <div class="col-12 text-center mb-3">
                    <textarea t-model="state.input_comment" class="form-control" rows="3" placeholder="Write a comment..." style="width: 100%;"/>
                                    <input type="teXt" t-model="state.test_model" placeholder="test model" class="form-control"/>
                                    <input type="teXt" t-model.trim="state.lazy" placeholder="tes" class="form-control" t-on-input="inputField" />
                </div>
                <!-- Post Button (Below Comment Section) -->
                <div class="col-12 text-center mb-3">
                    <button class="btn btn-primary" t-on-click="ActionPost">Post</button>
                </div>
                <t t-foreach="state.comments" t-as="comments" t-key="comments.id">
                <CommentBox value="comments" ActionEdit.bind="ActionEdit" ActionDelete.bind="ActionDelete"/>
                </t>
            </div>
        </div>
    </t>
</templates>
