<?xml version="1.0" encoding="utf-8"?>
<templates id="template" xml:space="preserve">
    <t t-name="owl_task.comment_box">
        <div>
            <b><span class="comment-text" t-esc="props.value.user_id[1]"/></b><br/>
            <span class="comment-text" t-esc="props.value.comment"/>
        </div>
        <div class="text-center mt-2">
            <button class="btn  mx-2">
                <i class="fa fa-thumbs-up"></i> Like
            </button>
            <button class="btn mx-2">
                <i class="fa fa-thumbs-down"></i> Dislike
            </button>
            <button class="btn hover:text-gray-800 flex items-center" t-on-click="ActionReply">
                <i class="fa fa-reply mr-1" ></i> Reply
            </button>
            <button class="btn hover:text-gray-800 flex items-center" t-on-click=" () => props.ActionEdit(props.value.id)">
                <i class="fa fa-edit mr-1" ></i> Edit
            </button>
            <button class="btn hover:text-gray-800 flex items-center" t-on-click=" () => props.ActionDelete(props.value.id)">
                <i class="fa fa-trash mr-1" ></i> Delete
            </button>
        </div>
        <br/>
    </t>
</templates>
